label,EvidenceHit@5,CitationPrecision,TriageAccuracy,AvgLatencyMs,REE@5
Baseline,0.0,0.22384428223844283,0.9975728155339806,37.31439819613707,0.0
Proposed,0.2111650485436893,0.13138686131386862,0.6990291262135923,53.0329861687225,0.4223300970873786
