label,EvidenceHit@5,CitationDocPrecision,TriageAccuracy,MacroF1,AvgLatencyMs,AvgRouting_ms,AvgSearch_ms,AvgRerank_ms,AvgGen_ms,AvgClustersSearched,AvgFractionKBScanned,REE@5
Baseline-1,0.13333333333333333,0.4,0.3333333333333333,0.16666666666666666,22.015714645385742,0.0,21.467537350124783,0.0,0.5481772952609592,1.0,1.0,0.13333333333333333
Baseline-2,0.13333333333333333,0.36666666666666664,0.43333333333333335,0.35657546337157986,15.382528305053711,0.0,14.917961756388346,0.0,0.46456654866536456,1.0,1.0,0.13333333333333333
Proposed,0.13333333333333333,0.16666666666666666,0.4444444444444444,0.4129758303396988,437.15354866451685,12.253599696689182,11.856619517008463,28.10407214694553,369.3687915802002,1.5444444444444445,0.3861111111111111,0.3453237410071942
