label,EvidenceHit@5,CitationDocPrecision,TriageAccuracy,MacroF1,AvgLatencyMs,AvgRouting_ms,AvgSearch_ms,AvgRerank_ms,AvgGen_ms,AvgClustersSearched,AvgFractionKBScanned,REE@5
Baseline-1,0.13333333333333333,0.4,0.3333333333333333,0.16666666666666666,18.139476246303982,0.0,17.610054545932346,0.0,0.5238506529066298,1.0,1.0,0.13333333333333333
Baseline-2,0.13333333333333333,0.36666666666666664,0.43333333333333335,0.35657546337157986,11.20382414923774,0.0,10.898772875467936,0.0,0.3050512737698025,1.0,1.0,0.13333333333333333
Proposed,0.13333333333333333,0.43333333333333335,0.4444444444444444,0.4258508429240136,302.7908272213406,8.569275008307564,7.896701494852702,19.554403093126083,256.76951673295764,1.5444444444444445,0.3861111111111111,0.3453237410071942
