{
  "label": "Baseline-1",
  "n_eval": 1000,
  "Recall@1": 0.08,
  "Recall@5": 0.19,
  "MRR@10": 0.12666666666666657,
  "nDCG@10": 0.14285578521428724,
  "EvidenceHit@5": 0.19,
  "CitationDocPrecision": 0.34125,
  "CitationChunkPrecision": 0.15625,
  "GroundedAnswerRate": 1.0,
  "UnsupportedAnswerRate": 0.0,
  "TriageAccuracy": 0.8,
  "MacroF1": 0.2962962962962963,
  "WeightedF1": 0.7111111111111111,
  "ANSWER_F1": 0.8888888888888888,
  "ANSWER_P": 0.8,
  "ANSWER_R": 1.0,
  "TICKET_F1": 0.0,
  "TICKET_P": 0.0,
  "TICKET_R": 0.0,
  "REJECT_F1": 0.0,
  "REJECT_P": 0.0,
  "REJECT_R": 0.0,
  "FalseRejectRate": 0.0,
  "FalseTicketRate": 0.0,
  "FalseAcceptRate": 1.0,
  "LabelDistPred": {
    "ANSWER": 1000
  },
  "LabelDistGold": {
    "ANSWER": 800,
    "TICKET": 120,
    "REJECT": 80
  },
  "ConfusionMatrix": [
    [
      800,
      0,
      0
    ],
    [
      120,
      0,
      0
    ],
    [
      80,
      0,
      0
    ]
  ],
  "DomainAccuracy": 0.08,
  "DomainRecall@2": 0.0,
  "AvgLatencyMs": 41.55729269981384,
  "P50LatencyMs": 37.374138832092285,
  "P95LatencyMs": 59.05895233154296,
  "P99LatencyMs": 71.38810634613037,
  "QueriesPerSec": 24.06316521202257,
  "TotalSamples": 1000,
  "AvgClustersSearched": 1.0,
  "AvgFractionKBScanned": 1.0,
  "REE@5": 0.19
}