{
  "label": "Baseline-2",
  "n_eval": 300,
  "Recall@1": 0.023333333333333334,
  "Recall@5": 0.043333333333333335,
  "MRR@10": 0.031111111111111114,
  "nDCG@10": 0.03420619835714305,
  "EvidenceHit@5": 0.043333333333333335,
  "CitationDocPrecision": 0.2,
  "CitationChunkPrecision": 0.09,
  "GroundedAnswerRate": 0.5,
  "UnsupportedAnswerRate": 0.5,
  "TriageAccuracy": 0.5033333333333333,
  "MacroF1": 0.3971459677085834,
  "WeightedF1": 0.3971459677085834,
  "ANSWER_F1": 0.46511627906976744,
  "ANSWER_P": 0.43478260869565216,
  "ANSWER_R": 0.5,
  "TICKET_F1": 0.0196078431372549,
  "TICKET_P": 0.5,
  "TICKET_R": 0.01,
  "REJECT_F1": 0.7067137809187279,
  "REJECT_P": 0.546448087431694,
  "REJECT_R": 1.0,
  "FalseRejectRate": 0.49,
  "FalseTicketRate": 0.01,
  "FalseAcceptRate": 0.325,
  "LabelDistPred": {
    "REJECT": 183,
    "ANSWER": 115,
    "TICKET": 2
  },
  "LabelDistGold": {
    "REJECT": 100,
    "ANSWER": 100,
    "TICKET": 100
  },
  "ConfusionMatrix": [
    [
      50,
      1,
      49
    ],
    [
      65,
      1,
      34
    ],
    [
      0,
      0,
      100
    ]
  ],
  "DomainAccuracy": 0.3333333333333333,
  "DomainRecall@2": 0.0,
  "AvgLatencyMs": 24.69084819157918,
  "P50LatencyMs": 12.299299240112305,
  "P95LatencyMs": 53.116333484649665,
  "P99LatencyMs": 62.0589065551757,
  "QueriesPerSec": 40.50083627102977,
  "TotalSamples": 300,
  "AvgClustersSearched": 1.0,
  "AvgFractionKBScanned": 1.0,
  "REE@5": 0.043333333333333335
}