{
  "label": "Baseline",
  "n_eval": 412,
  "Recall@1": 0.0,
  "Recall@5": 0.0,
  "MRR@10": 0.0,
  "nDCG@10": 0.0,
  "EvidenceHit@5": 0.0,
  "CitationPrecision": 0.22384428223844283,
  "CitationRecall": 0.22627737226277372,
  "GroundedAnswerRate": 1.0,
  "UnsupportedClaimRate": 0.0,
  "TriageAccuracy": 0.9975728155339806,
  "MacroF1": 0.4993924665856622,
  "ANSWER_F1": 0.9987849331713244,
  "TICKET_F1": 0.0,
  "REJECT_F1": 0.0,
  "FalseRejectRate": 0.0,
  "FalseAcceptRate": 0.0,
  "TBP@0.10": 0.0,
  "TBP@0.15": 0.0,
  "TBP@0.20": 0.0,
  "DomainAccuracy": 0.0,
  "DomainRecall@2": 0.0,
  "AvgLatencyMs": 36.81846208942746,
  "P50LatencyMs": 33.9810848236084,
  "P95LatencyMs": 39.99786376953125,
  "P99LatencyMs": 43.66207361221312,
  "QueriesPerSec": 27.160287074759513,
  "TotalSamples": 412,
  "REE@5": 0.0
}