{
  "label": "Baseline-1",
  "n_eval": 300,
  "Recall@1": 0.04,
  "Recall@5": 0.08666666666666667,
  "MRR@10": 0.06,
  "nDCG@10": 0.06682479342857221,
  "EvidenceHit@5": 0.08666666666666667,
  "CitationDocPrecision": 0.34,
  "CitationChunkPrecision": 0.18,
  "GroundedAnswerRate": 1.0,
  "UnsupportedAnswerRate": 0.0,
  "TriageAccuracy": 0.3333333333333333,
  "MacroF1": 0.16666666666666666,
  "WeightedF1": 0.16666666666666666,
  "ANSWER_F1": 0.5,
  "ANSWER_P": 0.3333333333333333,
  "ANSWER_R": 1.0,
  "TICKET_F1": 0.0,
  "TICKET_P": 0.0,
  "TICKET_R": 0.0,
  "REJECT_F1": 0.0,
  "REJECT_P": 0.0,
  "REJECT_R": 0.0,
  "FalseRejectRate": 0.0,
  "FalseTicketRate": 0.0,
  "FalseAcceptRate": 1.0,
  "LabelDistPred": {
    "ANSWER": 300
  },
  "LabelDistGold": {
    "REJECT": 100,
    "ANSWER": 100,
    "TICKET": 100
  },
  "ConfusionMatrix": [
    [
      100,
      0,
      0
    ],
    [
      100,
      0,
      0
    ],
    [
      100,
      0,
      0
    ]
  ],
  "DomainAccuracy": 0.3333333333333333,
  "DomainRecall@2": 0.0,
  "AvgLatencyMs": 37.08345890045166,
  "P50LatencyMs": 33.2721471786499,
  "P95LatencyMs": 43.990349769592285,
  "P99LatencyMs": 59.47352647781368,
  "QueriesPerSec": 26.966200825129082,
  "TotalSamples": 300,
  "AvgClustersSearched": 1.0,
  "AvgFractionKBScanned": 1.0,
  "REE@5": 0.08666666666666667
}