{
  "label": "Baseline-1",
  "n_eval": 90,
  "Recall@1": 0.06666666666666667,
  "Recall@5": 0.13333333333333333,
  "MRR@10": 0.09,
  "nDCG@10": 0.10059275202686664,
  "EvidenceHit@5": 0.13333333333333333,
  "CitationDocPrecision": 0.4,
  "CitationChunkPrecision": 0.26666666666666666,
  "GroundedAnswerRate": 1.0,
  "UnsupportedAnswerRate": 0.0,
  "TriageAccuracy": 0.3333333333333333,
  "MacroF1": 0.16666666666666666,
  "WeightedF1": 0.16666666666666666,
  "ANSWER_F1": 0.5,
  "ANSWER_P": 0.3333333333333333,
  "ANSWER_R": 1.0,
  "TICKET_F1": 0.0,
  "TICKET_P": 0.0,
  "TICKET_R": 0.0,
  "REJECT_F1": 0.0,
  "REJECT_P": 0.0,
  "REJECT_R": 0.0,
  "FalseRejectRate": 0.0,
  "FalseTicketRate": 0.0,
  "FalseAcceptRate": 1.0,
  "LabelDistPred": {
    "ANSWER": 90
  },
  "LabelDistGold": {
    "REJECT": 30,
    "TICKET": 30,
    "ANSWER": 30
  },
  "ConfusionMatrix": [
    [
      30,
      0,
      0
    ],
    [
      30,
      0,
      0
    ],
    [
      30,
      0,
      0
    ]
  ],
  "DomainAccuracy": 0.0,
  "DomainRecall@2": 0.0,
  "AvgLatencyMs": 22.015714645385742,
  "P50LatencyMs": 13.49496841430664,
  "P95LatencyMs": 18.464946746826172,
  "P99LatencyMs": 100.14664888381917,
  "QueriesPerSec": 45.42210035455693,
  "TotalSamples": 90,
  "AvgRouting_ms": 0.0,
  "AvgSearch_ms": 21.467537350124783,
  "AvgRerank_ms": 0.0,
  "AvgGen_ms": 0.5481772952609592,
  "AvgClustersSearched": 1.0,
  "AvgFractionKBScanned": 1.0,
  "AnswerQualityScore": 0.7422222222222223,
  "DirectAnswerRate": 0.9777777777777777,
  "FragmentRate": 0.0,
  "RepetitionRate": 0.06666666666666667,
  "BadGrammarRate": 0.022222222222222223,
  "WrongDomainCitationRate": 0.9,
  "IncoherentMultiEvidenceRate": 0.9333333333333333,
  "AnswerTooLongRate": 0.6444444444444445,
  "AnswerHasCitationRate": 1.0,
  "avg_answer_length": 154.38888888888889,
  "REE@5": 0.13333333333333333
}