{
  "Baseline-1": 485.70083260536194,
  "Baseline-2": 310.6044018268585,
  "Proposed": 337.76458740234375
}