{
  "label": "Proposed",
  "n_eval": 412,
  "Recall@1": 0.10922330097087378,
  "Recall@5": 0.2111650485436893,
  "MRR@10": 0.15812432578209282,
  "nDCG@10": 0.18655989531995135,
  "EvidenceHit@5": 0.2111650485436893,
  "CitationPrecision": 0.13138686131386862,
  "CitationRecall": 0.13138686131386862,
  "GroundedAnswerRate": 0.7007299270072993,
  "UnsupportedClaimRate": 0.29927007299270075,
  "TriageAccuracy": 0.6990291262135923,
  "MacroF1": 0.27467811158798283,
  "ANSWER_F1": 0.8240343347639485,
  "TICKET_F1": 0.0,
  "REJECT_F1": 0.0,
  "FalseRejectRate": 0.19708029197080293,
  "FalseAcceptRate": 0.0,
  "TBP@0.10": 0.6868932038834952,
  "TBP@0.15": 0.6820388349514563,
  "TBP@0.20": 0.6771844660194175,
  "DomainAccuracy": 0.7354368932038835,
  "DomainRecall@2": 0.7354368932038835,
  "AvgLatencyMs": 50.56649967304711,
  "P50LatencyMs": 56.70654773712158,
  "P95LatencyMs": 73.96100759506226,
  "P99LatencyMs": 79.54192399978638,
  "QueriesPerSec": 19.77593874335381,
  "TotalSamples": 412,
  "REE@5": 0.4223300970873786
}