{
  "label": "Proposed",
  "n_eval": 1000,
  "Recall@1": 0.141,
  "Recall@5": 0.285,
  "MRR@10": 0.20112896825396823,
  "nDCG@10": 0.2331765092263468,
  "EvidenceHit@5": 0.285,
  "CitationDocPrecision": 0.34375,
  "CitationChunkPrecision": 0.19125,
  "GroundedAnswerRate": 0.8025,
  "UnsupportedAnswerRate": 0.1975,
  "TriageAccuracy": 0.704,
  "MacroF1": 0.46712590631963535,
  "WeightedF1": 0.7134977094573959,
  "ANSWER_F1": 0.8278529980657641,
  "ANSWER_P": 0.8548601864181092,
  "ANSWER_R": 0.8025,
  "TICKET_F1": 0.13333333333333333,
  "TICKET_P": 0.13333333333333333,
  "TICKET_R": 0.13333333333333333,
  "REJECT_F1": 0.44019138755980863,
  "REJECT_P": 0.35658914728682173,
  "REJECT_R": 0.575,
  "FalseRejectRate": 0.10375,
  "FalseTicketRate": 0.09375,
  "FalseAcceptRate": 0.545,
  "LabelDistPred": {
    "ANSWER": 751,
    "TICKET": 120,
    "REJECT": 129
  },
  "LabelDistGold": {
    "ANSWER": 800,
    "TICKET": 120,
    "REJECT": 80
  },
  "ConfusionMatrix": [
    [
      642,
      75,
      83
    ],
    [
      104,
      16,
      0
    ],
    [
      5,
      29,
      46
    ]
  ],
  "DomainAccuracy": 0.583,
  "DomainRecall@2": 0.583,
  "AvgLatencyMs": 57.956454277038574,
  "P50LatencyMs": 55.910348892211914,
  "P95LatencyMs": 100.88386535644531,
  "P99LatencyMs": 156.69454336166376,
  "QueriesPerSec": 17.254333662647547,
  "TotalSamples": 1000,
  "AvgClustersSearched": 1.238,
  "AvgFractionKBScanned": 0.3095,
  "REE@5": 0.9208400646203554
}