{
  "EvidenceHit@5": 0.0,
  "EvidenceDocHit@5": 0.0,
  "CitationDocPrecision": 0.0,
  "Triage Accuracy": 0.435,
  "Macro-F1": 0.38955150201673594,
  "ANSWER F1": 0.5221238938053098,
  "TICKET F1": 0.32,
  "REJECT F1": 0.32653061224489793,
  "UnsupportedAnswerRate": 0.0,
  "WrongDomainCitationRate": 0.7833333333333333,
  "DirectAnswerRate": 0.95,
  "FragmentRate": 0.0,
  "RepetitionRate": 0.0,
  "AnswerQualityScore": 0.8333333333333331,
  "Avg Fraction KB Scanned": 0.3625,
  "REE@5": 1.2,
  "Avg Latency": 337.76458740234375
}