{
  "label": "Proposed",
  "n_eval": 90,
  "Recall@1": 0.05555555555555555,
  "Recall@5": 0.13333333333333333,
  "MRR@10": 0.08956790123456788,
  "nDCG@10": 0.10790668685760393,
  "EvidenceHit@5": 0.13333333333333333,
  "CitationDocPrecision": 0.16666666666666666,
  "CitationChunkPrecision": 0.1,
  "GroundedAnswerRate": 0.2,
  "UnsupportedAnswerRate": 0.0,
  "TriageAccuracy": 0.4444444444444444,
  "MacroF1": 0.4129758303396988,
  "WeightedF1": 0.41297583033969876,
  "ANSWER_F1": 0.27906976744186046,
  "ANSWER_P": 0.46153846153846156,
  "ANSWER_R": 0.2,
  "TICKET_F1": 0.5208333333333334,
  "TICKET_P": 0.3787878787878788,
  "TICKET_R": 0.8333333333333334,
  "REJECT_F1": 0.43902439024390244,
  "REJECT_P": 0.8181818181818182,
  "REJECT_R": 0.3,
  "FalseRejectRate": 0.06666666666666667,
  "FalseTicketRate": 0.7333333333333333,
  "FalseAcceptRate": 0.11666666666666667,
  "LabelDistPred": {
    "TICKET": 66,
    "REJECT": 11,
    "ANSWER": 13
  },
  "LabelDistGold": {
    "REJECT": 30,
    "TICKET": 30,
    "ANSWER": 30
  },
  "ConfusionMatrix": [
    [
      6,
      22,
      2
    ],
    [
      5,
      25,
      0
    ],
    [
      2,
      19,
      9
    ]
  ],
  "DomainAccuracy": 0.25555555555555554,
  "DomainRecall@2": 0.25555555555555554,
  "AvgLatencyMs": 437.15354866451685,
  "P50LatencyMs": 418.67172718048096,
  "P95LatencyMs": 957.0697307586669,
  "P99LatencyMs": 2350.7444977760306,
  "QueriesPerSec": 2.287525751660834,
  "TotalSamples": 90,
  "AvgRouting_ms": 12.253599696689182,
  "AvgSearch_ms": 11.856619517008463,
  "AvgRerank_ms": 28.10407214694553,
  "AvgGen_ms": 369.3687915802002,
  "AvgClustersSearched": 1.5444444444444445,
  "AvgFractionKBScanned": 0.3861111111111111,
  "AnswerQualityScore": 0.7692307692307693,
  "DirectAnswerRate": 0.6923076923076923,
  "FragmentRate": 0.0,
  "RepetitionRate": 0.0,
  "BadGrammarRate": 0.0,
  "WrongDomainCitationRate": 0.8461538461538461,
  "IncoherentMultiEvidenceRate": 0.5384615384615384,
  "AnswerTooLongRate": 0.0,
  "AnswerHasCitationRate": 1.0,
  "avg_answer_length": 26.46153846153846,
  "REE@5": 0.3453237410071942
}