{
  "label": "Proposed",
  "n_eval": 90,
  "Recall@1": 0.05555555555555555,
  "Recall@5": 0.13333333333333333,
  "MRR@10": 0.08956790123456788,
  "nDCG@10": 0.10790668685760393,
  "EvidenceHit@5": 0.13333333333333333,
  "CitationDocPrecision": 0.43333333333333335,
  "CitationChunkPrecision": 0.2,
  "GroundedAnswerRate": 0.7666666666666667,
  "UnsupportedAnswerRate": 0.0,
  "TriageAccuracy": 0.4444444444444444,
  "MacroF1": 0.4258508429240136,
  "WeightedF1": 0.4258508429240137,
  "ANSWER_F1": 0.5476190476190477,
  "ANSWER_P": 0.42592592592592593,
  "ANSWER_R": 0.7666666666666667,
  "TICKET_F1": 0.2909090909090909,
  "TICKET_P": 0.32,
  "TICKET_R": 0.26666666666666666,
  "REJECT_F1": 0.43902439024390244,
  "REJECT_P": 0.8181818181818182,
  "REJECT_R": 0.3,
  "FalseRejectRate": 0.06666666666666667,
  "FalseTicketRate": 0.16666666666666666,
  "FalseAcceptRate": 0.5166666666666667,
  "LabelDistPred": {
    "TICKET": 25,
    "REJECT": 11,
    "ANSWER": 54
  },
  "LabelDistGold": {
    "REJECT": 30,
    "TICKET": 30,
    "ANSWER": 30
  },
  "ConfusionMatrix": [
    [
      23,
      5,
      2
    ],
    [
      22,
      8,
      0
    ],
    [
      9,
      12,
      9
    ]
  ],
  "DomainAccuracy": 0.25555555555555554,
  "DomainRecall@2": 0.25555555555555554,
  "AvgLatencyMs": 302.7908272213406,
  "P50LatencyMs": 260.65266132354736,
  "P95LatencyMs": 690.7824277877805,
  "P99LatencyMs": 1799.797377586364,
  "QueriesPerSec": 3.3026099541284926,
  "TotalSamples": 90,
  "AvgRouting_ms": 8.569275008307564,
  "AvgSearch_ms": 7.896701494852702,
  "AvgRerank_ms": 19.554403093126083,
  "AvgGen_ms": 256.76951673295764,
  "AvgClustersSearched": 1.5444444444444445,
  "AvgFractionKBScanned": 0.3861111111111111,
  "AnswerQualityScore": 0.8111111111111109,
  "DirectAnswerRate": 0.9259259259259259,
  "FragmentRate": 0.0,
  "RepetitionRate": 0.07407407407407407,
  "BadGrammarRate": 0.0,
  "WrongDomainCitationRate": 0.8333333333333334,
  "IncoherentMultiEvidenceRate": 0.7592592592592593,
  "AnswerTooLongRate": 0.0,
  "AnswerHasCitationRate": 1.0,
  "avg_answer_length": 94.24074074074075,
  "REE@5": 0.3453237410071942
}