{
  "label": "Baseline-2",
  "n_eval": 90,
  "Recall@1": 0.06666666666666667,
  "Recall@5": 0.13333333333333333,
  "MRR@10": 0.09,
  "nDCG@10": 0.10059275202686664,
  "EvidenceHit@5": 0.13333333333333333,
  "CitationDocPrecision": 0.36666666666666664,
  "CitationChunkPrecision": 0.26666666666666666,
  "GroundedAnswerRate": 0.9,
  "UnsupportedAnswerRate": 0.0,
  "TriageAccuracy": 0.43333333333333335,
  "MacroF1": 0.35657546337157986,
  "WeightedF1": 0.3565754633715799,
  "ANSWER_F1": 0.5242718446601942,
  "ANSWER_P": 0.3698630136986301,
  "ANSWER_R": 0.9,
  "TICKET_F1": 0.0,
  "TICKET_P": 0.0,
  "TICKET_R": 0.0,
  "REJECT_F1": 0.5454545454545454,
  "REJECT_P": 0.8571428571428571,
  "REJECT_R": 0.4,
  "FalseRejectRate": 0.06666666666666667,
  "FalseTicketRate": 0.03333333333333333,
  "FalseAcceptRate": 0.7666666666666667,
  "LabelDistPred": {
    "ANSWER": 73,
    "REJECT": 14,
    "TICKET": 3
  },
  "LabelDistGold": {
    "REJECT": 30,
    "TICKET": 30,
    "ANSWER": 30
  },
  "ConfusionMatrix": [
    [
      27,
      1,
      2
    ],
    [
      30,
      0,
      0
    ],
    [
      16,
      2,
      12
    ]
  ],
  "DomainAccuracy": 0.0,
  "DomainRecall@2": 0.0,
  "AvgLatencyMs": 11.20382414923774,
  "P50LatencyMs": 10.648727416992188,
  "P95LatencyMs": 14.574158191680905,
  "P99LatencyMs": 21.300911903381348,
  "QueriesPerSec": 89.25523880772761,
  "TotalSamples": 90,
  "AvgRouting_ms": 0.0,
  "AvgSearch_ms": 10.898772875467936,
  "AvgRerank_ms": 0.0,
  "AvgGen_ms": 0.3050512737698025,
  "AvgClustersSearched": 1.0,
  "AvgFractionKBScanned": 1.0,
  "AnswerQualityScore": 0.7328767123287672,
  "DirectAnswerRate": 0.9726027397260274,
  "FragmentRate": 0.0,
  "RepetitionRate": 0.0821917808219178,
  "BadGrammarRate": 0.0273972602739726,
  "WrongDomainCitationRate": 0.9041095890410958,
  "IncoherentMultiEvidenceRate": 0.9452054794520548,
  "AnswerTooLongRate": 0.6986301369863014,
  "AnswerHasCitationRate": 1.0,
  "avg_answer_length": 155.95890410958904,
  "REE@5": 0.13333333333333333
}