{
  "ANSWER": {
    "precision": 0.0,
    "recall": 0.0,
    "f1-score": 0.0,
    "support": 100.0
  },
  "REJECT": {
    "precision": 0.5586592178770949,
    "recall": 1.0,
    "f1-score": 0.7168458781362007,
    "support": 100.0
  },
  "TICKET": {
    "precision": 0.7024793388429752,
    "recall": 0.85,
    "f1-score": 0.7692307692307693,
    "support": 100.0
  },
  "accuracy": 0.6166666666666667,
  "macro avg": {
    "precision": 0.42037951890669006,
    "recall": 0.6166666666666667,
    "f1-score": 0.4953588824556567,
    "support": 300.0
  },
  "weighted avg": {
    "precision": 0.42037951890669006,
    "recall": 0.6166666666666667,
    "f1-score": 0.49535888245565673,
    "support": 300.0
  }
}